track_uri,artist_uri,album_uri,danceability,energy,key,loudness,mode,speechiness,acousticness,instrumentalness,liveness,valence,tempo,duration_ms,time_signature,Track_release_date,Track_pop,Artist_pop,Artist_genres
0SPBrxOUEMIKugXR4bFhxs,07XSN3sPlIlB2L2XNcTwJw,77opKywcxPnBu5aBMASS2b,0.409,0.868,3.0,-6.234,0.0,0.0368,0.0266,0.0357,0.276,0.704,147.2,198707.0,4.0,39,12,14,album_rock glam_rock hard_rock metal rock
0Wa5Q145xoXkfhaCRgA67U,36QJpDe2go2KgaRleHCDTp,4Q7cPyiP8cMIlUEHAqeYfd,0.483,0.615,2.0,-8.54,1.0,0.0497,0.452,0.000414,0.0512,0.594,80.56,517125.0,3.0,39,8,15,album_rock classic_rock hard_rock rock
5UdShl12E6eHEgS8lQ1bPr,36QJpDe2go2KgaRleHCDTp,4wExFfncaUIqSgoxnqa3Eh,0.552,0.791,7.0,-8.36,1.0,0.0303,0.123,1.42e-05,0.162,0.698,91.2,355893.0,4.0,40,10,15,album_rock classic_rock hard_rock rock
2GnVuaoKSkB6Xa07l1BBg8,5M52tdBnJaKSvOpJGz8mfZ,6TcPqftScGmR0aEgIb43Vv,0.476,0.556,4.0,-10.586,0.0,0.0646,0.0838,1.59e-05,0.125,0.43,103.1,364493.0,4.0,40,11,14,album_rock birmingham_metal classic_rock hard_rock metal rock stoner_rock uk_doom_metal
5SAUIWdZ04OxYfJFDchC7S,568ZhdwyaiCyOGJRtNYhWf,1EK3a0Yctg4d3nGQzE4Uty,0.632,0.586,0.0,-11.336,1.0,0.0284,0.0983,0.581,0.0535,0.89,114.25,342173.0,4.0,39,12,13,album_rock blues_rock classic_rock hard_rock metal psychedelic_rock rock
2cc9k15AifO7RfxxuEExkS,0cc6vw3VN8YlIcvr1v7tBL,23krn1eEy7o3u9laLI1PLD,0.535,0.967,2.0,-4.082,1.0,0.0678,0.000885,0.0181,0.233,0.353,111.0,291307.0,4.0,39,13,14,glam_metal hard_rock metal rock sleaze_rock
2C0hJUVjp7FSchyhYiceJq,0cc6vw3VN8YlIcvr1v7tBL,4ns4vxdkk4PdkneLNfJL52,0.395,0.777,5.0,-5.848,1.0,0.0334,0.097,5.54e-06,0.197,0.12,75.56,239080.0,4.0,39,13,14,glam_metal hard_rock metal rock sleaze_rock
0cKk8BKEi7zXbdrYdyqBP5,67ea9eGLXYMsO2eYQRui3w,5MqyhhHbT13zsloD3uHhlQ,0.394,0.622,4.0,-8.26,0.0,0.0336,0.213,4.45e-05,0.0892,0.342,126.9,221427.0,4.0,39,14,13,album_rock art_rock blues_rock british_invasion classic_rock hard_rock mellow_gold psychedelic_rock rock
1ju7EsSGvRybSNEsRvc7qY,4MVyzYMgTwdP7Z49wAZHx0,6DExt1eX4lflLacVjHHbOs,0.422,0.752,6.0,-8.68,1.0,0.0449,0.0366,0.000119,0.129,0.403,120.5,356627.0,4.0,39,14,14,album_rock blues_rock classic_rock country_rock hard_rock mellow_gold rock southern_rock
4J0kN8QS2esY6cWBsFjtW9,1dfeR4HaWDbWqFHLkxsg1d,6X9k3hSsvQck2OfKYdBbXr,0.395,0.698,2.0,-6.242,1.0,0.0573,0.334,6.44e-05,0.155,0.455,124.7,223173.0,4.0,39,9,16,classic_rock glam_rock rock
6Wx88Mv6b9ofjKMKkdwOJd,6XyY86QOPPrYVGvF9ch6wz,1fqibtpI0bwD73uQGeEnhn,0.493,0.808,5.0,-3.365,0.0,0.0362,0.000235,0.0,0.0983,0.38,118.0,268613.0,4.0,40,13,16,alternative_metal nu_metal post-grunge rap_metal
4CWhc9FaMMfBTt4ANjfbOf,6XyY86QOPPrYVGvF9ch6wz,2tlTBLz2w52rpGCLBGyGw6,0.571,0.934,3.0,-4.22,0.0,0.0531,0.00316,6.2e-06,0.197,0.409,132.6,221720.0,4.0,40,12,16,alternative_metal nu_metal post-grunge rap_metal
0sp00HSXkQyqTa6QqM0O8V,6XyY86QOPPrYVGvF9ch6wz,2tlTBLz2w52rpGCLBGyGw6,0.509,0.629,0.0,-6.434,1.0,0.0335,0.209,1.97e-06,0.369,0.237,80.0,209307.0,4.0,40,13,16,alternative_metal nu_metal post-grunge rap_metal
0OYcEfskah1egYHjYRvbg1,6XyY86QOPPrYVGvF9ch6wz,2tlTBLz2w52rpGCLBGyGw6,0.534,0.393,11.0,-7.812,1.0,0.0292,0.00479,0.0107,0.107,0.0641,110.0,290360.0,4.0,40,13,16,alternative_metal nu_metal post-grunge rap_metal
1fLlRApgzxWweF1JTf8yM5,6XyY86QOPPrYVGvF9ch6wz,2tlTBLz2w52rpGCLBGyGw6,0.655,0.885,7.0,-4.117,1.0,0.0438,0.00117,0.000473,0.0448,0.938,100.06,189293.0,4.0,40,14,16,alternative_metal nu_metal post-grunge rap_metal
7dvd3b2oz7AFgXrPBIIYxR,3nFkdlSjzX9mRTtwJOzDYB,5NH94cATqx5fjBE794xZLy,0.557,0.905,11.0,-4.508,1.0,0.267,0.0104,0.0,0.111,0.799,160.0,244693.0,4.0,40,11,16,east_coast_hip_hop hip_hop rap
2eVofaQRJvddSUBfcub7Gz,2KjAo6wVc9d2WcxdxSArpV,6kfKntjGEwjKUL7q43j5rO,0.659,0.387,6.0,-13.17,0.0,0.0335,0.467,0.692,0.0839,0.0779,115.0,279573.0,4.0,40,11,12,indie_folk
5u51UnecWzSb1ezJmDhBFw,2KjAo6wVc9d2WcxdxSArpV,2jCMxN3Ys1PCq6FQBEwM5L,0.61,0.671,1.0,-9.5,1.0,0.0361,0.441,0.0066,0.103,0.056,103.0,277633.0,4.0,40,8,12,indie_folk
4wNj7wubtz1KnGaFg2VwcU,7E3BRXV9ZbCt5lQTCXMTia,2YlB5eElaicdKaMYZVUHsO,0.628,0.0184,4.0,-22.56,0.0,0.0612,0.996,0.951,0.0993,0.232,103.8,121845.0,4.0,40,7,12,bow_pop compositional_ambient icelandic_classical neo-classical neoclassical_darkwave
3m6A0Rpu03KYNyWzbCo0yO,7E3BRXV9ZbCt5lQTCXMTia,7lMrHurKbBzzHDVCblN0X3,0.159,0.0358,10.0,-26.84,0.0,0.0435,0.984,0.88,0.102,0.0391,72.7,210013.0,4.0,40,8,12,bow_pop compositional_ambient icelandic_classical neo-classical neoclassical_darkwave
1EEJBUOORu9dLZQSeQkZOP,7E3BRXV9ZbCt5lQTCXMTia,69Q8uDA8C7EdKUo5oveufQ,0.231,0.0749,0.0,-20.97,0.0,0.0351,0.989,0.933,0.112,0.0735,134.2,256507.0,4.0,40,9,12,bow_pop compositional_ambient icelandic_classical neo-classical neoclassical_darkwave
5RqKo9P4DLA0bVyY70cWkr,7E3BRXV9ZbCt5lQTCXMTia,6JpQGIi2he6iskzR4aLwPG,0.583,0.0238,0.0,-32.25,0.0,0.0369,0.994,0.847,0.103,0.426,108.75,131923.0,4.0,40,12,12,bow_pop compositional_ambient icelandic_classical neo-classical neoclassical_darkwave
5tmtJPv2RyTqFQUC4VDgYy,7E3BRXV9ZbCt5lQTCXMTia,69Q8uDA8C7EdKUo5oveufQ,0.171,0.193,4.0,-12.984,0.0,0.0392,0.974,0.924,0.0822,0.0922,132.5,204866.0,5.0,40,8,12,bow_pop compositional_ambient icelandic_classical neo-classical neoclassical_darkwave
7zTaLLMF9A170FfPtBaL3m,7E3BRXV9ZbCt5lQTCXMTia,3qFNuf0WssUVPXTPdrxGho,0.373,0.163,6.0,-21.81,1.0,0.0332,0.936,0.936,0.128,0.0377,94.06,137680.0,4.0,40,7,12,bow_pop compositional_ambient icelandic_classical neo-classical neoclassical_darkwave
7gOi88gP4o1uv1kaL02yBB,7E3BRXV9ZbCt5lQTCXMTia,1LvZUmULkYj2c3oxIZhbkX,0.14,0.133,10.0,-15.78,0.0,0.038,0.93,0.918,0.121,0.0716,142.0,268773.0,4.0,40,8,12,bow_pop compositional_ambient icelandic_classical neo-classical neoclassical_darkwave
5Ag8TTr1IdnqqLWJjVwpsl,7E3BRXV9ZbCt5lQTCXMTia,3kc6nAFF8njXeLUk16CXl6,0.443,0.11,6.0,-18.6,0.0,0.0955,0.996,0.959,0.0882,0.152,66.5,134714.0,4.0,40,8,12,bow_pop compositional_ambient icelandic_classical neo-classical neoclassical_darkwave
6oVhL0lLUMswqSV3VcKwJO,7E3BRXV9ZbCt5lQTCXMTia,3GmecFBWNs4fTi0PkLF7qR,0.462,0.339,6.0,-14.305,0.0,0.0418,0.813,0.808,0.108,0.0395,115.0,272014.0,4.0,40,10,12,bow_pop compositional_ambient icelandic_classical neo-classical neoclassical_darkwave
7ajRLygLieUKb5qsumndfc,7E3BRXV9ZbCt5lQTCXMTia,0DZZLQvXZzgurc5wWFgAst,0.182,0.019,4.0,-30.6,1.0,0.0435,0.988,0.971,0.0907,0.0334,95.3,114426.0,4.0,40,7,12,bow_pop compositional_ambient icelandic_classical neo-classical neoclassical_darkwave
4lSsH5NXdwFbBhRrFXPVFj,7E3BRXV9ZbCt5lQTCXMTia,6NW97EFYSQ9X1CulKyL7wf,0.297,0.126,1.0,-23.8,0.0,0.0408,0.992,0.81,0.134,0.17,153.6,190284.0,1.0,40,8,12,bow_pop compositional_ambient icelandic_classical neo-classical neoclassical_darkwave
7djcz9efRuDz8jklVJn4DC,7E3BRXV9ZbCt5lQTCXMTia,0oBmVbeJmelnhnYiacIvde,0.062,0.0249,0.0,-20.03,0.0,0.0465,0.981,0.827,0.236,0.0306,67.94,236395.0,3.0,40,8,12,bow_pop compositional_ambient icelandic_classical neo-classical neoclassical_darkwave
42DSWZ06VzGVzuoRwZEHHe,7E3BRXV9ZbCt5lQTCXMTia,0lCyefnvL1HqQkpXl5HjC5,0.222,0.11,0.0,-18.31,0.0,0.0377,0.979,0.902,0.128,0.0638,103.25,226000.0,5.0,40,9,12,bow_pop compositional_ambient icelandic_classical neo-classical neoclassical_darkwave
3NJy8hN4OXIMyqbskBsL8v,7E3BRXV9ZbCt5lQTCXMTia,2YlB5eElaicdKaMYZVUHsO,0.4,0.0333,8.0,-28.05,1.0,0.0389,0.994,0.881,0.0947,0.239,131.2,163861.0,4.0,40,8,12,bow_pop compositional_ambient icelandic_classical neo-classical neoclassical_darkwave
2BeTUHecaoBWc825E3CPLK,7E3BRXV9ZbCt5lQTCXMTia,6NW97EFYSQ9X1CulKyL7wf,0.149,0.084,8.0,-21.06,1.0,0.0391,0.987,0.944,0.0726,0.0406,79.9,200965.0,4.0,40,8,12,bow_pop compositional_ambient icelandic_classical neo-classical neoclassical_darkwave
7b44iVYyWxXXhxtfIU3NTW,7E3BRXV9ZbCt5lQTCXMTia,6JpQGIi2he6iskzR4aLwPG,0.36,0.158,6.0,-24.23,0.0,0.0359,0.988,0.927,0.104,0.04,133.4,235534.0,4.0,40,8,12,bow_pop compositional_ambient icelandic_classical neo-classical neoclassical_darkwave
3WoFKA49Hjdoj1O9yhV62c,7E3BRXV9ZbCt5lQTCXMTia,7o4mIRr1MVq4dMgQiIsUw7,0.208,0.0847,0.0,-20.92,1.0,0.0425,0.982,0.931,0.102,0.0391,124.0,274355.0,5.0,40,9,12,bow_pop compositional_ambient icelandic_classical neo-classical neoclassical_darkwave
0nYm42RuPWFaHWUXUdwHYm,7E3BRXV9ZbCt5lQTCXMTia,4kqcQUsGW2cJbztclbqLbO,0.4,0.128,5.0,-16.61,0.0,0.0401,0.989,0.85,0.11,0.124,123.0,251626.0,3.0,40,11,12,bow_pop compositional_ambient icelandic_classical neo-classical neoclassical_darkwave
3YjTarxfHHEBUWqW5532uv,7E3BRXV9ZbCt5lQTCXMTia,6JpQGIi2he6iskzR4aLwPG,0.388,0.0103,3.0,-32.16,1.0,0.0445,0.984,0.94,0.188,0.0506,64.56,254297.0,4.0,40,8,12,bow_pop compositional_ambient icelandic_classical neo-classical neoclassical_darkwave
5NVM9GhtQLTTyF910jfHmy,7E3BRXV9ZbCt5lQTCXMTia,69Q8uDA8C7EdKUo5oveufQ,0.288,0.0427,8.0,-19.14,1.0,0.0427,0.982,0.93,0.127,0.0938,99.6,212178.0,4.0,40,8,12,bow_pop compositional_ambient icelandic_classical neo-classical neoclassical_darkwave
3u3SG5Mo1jGymmhEvuLA3G,7E3BRXV9ZbCt5lQTCXMTia,6NW97EFYSQ9X1CulKyL7wf,0.455,0.0951,1.0,-20.64,1.0,0.0394,0.988,0.95,0.104,0.168,121.94,242002.0,4.0,40,7,12,bow_pop compositional_ambient icelandic_classical neo-classical neoclassical_darkwave
6ptovgL1si4Xn6BunkGg7t,7E3BRXV9ZbCt5lQTCXMTia,5yulSZK48ArdLPXWur0qik,0.471,0.103,3.0,-29.47,1.0,0.0337,0.993,0.914,0.106,0.174,116.5,315574.0,4.0,40,8,12,bow_pop compositional_ambient icelandic_classical neo-classical neoclassical_darkwave
13MOQ6oQqkrZEDkZOHukCw,7E3BRXV9ZbCt5lQTCXMTia,6s61oZwe1dZuqBFi1pPo09,0.281,0.0333,6.0,-31.45,1.0,0.0348,0.994,0.959,0.0995,0.169,90.25,190500.0,1.0,40,9,12,bow_pop compositional_ambient icelandic_classical neo-classical neoclassical_darkwave
7vbCfkJf89i4s745KbELgr,7E3BRXV9ZbCt5lQTCXMTia,5yulSZK48ArdLPXWur0qik,0.359,0.0224,3.0,-29.1,1.0,0.039,0.987,0.866,0.111,0.169,107.9,354989.0,3.0,40,11,12,bow_pop compositional_ambient icelandic_classical neo-classical neoclassical_darkwave
0NVsz5lExNqzVDznhdPlU8,7E3BRXV9ZbCt5lQTCXMTia,1LvZUmULkYj2c3oxIZhbkX,0.201,0.132,3.0,-18.25,1.0,0.0342,0.992,0.942,0.132,0.141,169.9,202547.0,4.0,40,10,12,bow_pop compositional_ambient icelandic_classical neo-classical neoclassical_darkwave
00L9p3dKK3ufNyua3pzVeC,7E3BRXV9ZbCt5lQTCXMTia,18Jd3iAcykSIDGTA0vanR3,0.0613,0.0285,7.0,-28.08,0.0,0.0427,0.95,0.899,0.106,0.0374,210.1,196440.0,4.0,40,9,12,bow_pop compositional_ambient icelandic_classical neo-classical neoclassical_darkwave
6VuXB4kcwQaLxDeXOs1Nyi,7E3BRXV9ZbCt5lQTCXMTia,69Q8uDA8C7EdKUo5oveufQ,0.192,0.0777,10.0,-19.27,1.0,0.038,0.986,0.916,0.0485,0.154,87.4,138360.0,4.0,40,9,12,bow_pop compositional_ambient icelandic_classical neo-classical neoclassical_darkwave
2BE9wLg2nyJahAecN1a6La,7E3BRXV9ZbCt5lQTCXMTia,0DZZLQvXZzgurc5wWFgAst,0.435,0.0275,1.0,-32.38,0.0,0.0382,0.991,0.955,0.082,0.0524,120.0,136996.0,4.0,40,7,12,bow_pop compositional_ambient icelandic_classical neo-classical neoclassical_darkwave
4tnWEXeAgZWTRULCkJ6IGL,7E3BRXV9ZbCt5lQTCXMTia,6JpQGIi2he6iskzR4aLwPG,0.435,0.0564,5.0,-27.61,0.0,0.0369,0.99,0.943,0.113,0.127,110.0,155485.0,4.0,40,10,12,bow_pop compositional_ambient icelandic_classical neo-classical neoclassical_darkwave
1ijwLR1iybtxaUbasUj7kJ,7E3BRXV9ZbCt5lQTCXMTia,3s5UDbcu9PBKBJ4xIz0zcW,0.289,0.0253,2.0,-31.44,1.0,0.0376,0.994,0.919,0.0837,0.138,99.8,150000.0,4.0,40,11,12,bow_pop compositional_ambient icelandic_classical neo-classical neoclassical_darkwave
6wUU6ff7O1jlE4NOrv01gI,7E3BRXV9ZbCt5lQTCXMTia,6JpQGIi2he6iskzR4aLwPG,0.366,0.336,8.0,-17.4,1.0,0.0367,0.968,0.934,0.0898,0.0542,140.0,364648.0,4.0,40,10,12,bow_pop compositional_ambient icelandic_classical neo-classical neoclassical_darkwave
5nW41zamR8GqKYUxvxo12d,7E3BRXV9ZbCt5lQTCXMTia,3YW20Fu5fMy01J2EY4Dlav,0.304,0.0903,2.0,-17.4,0.0,0.0326,0.985,0.891,0.0622,0.165,180.2,278400.0,3.0,40,9,12,bow_pop compositional_ambient icelandic_classical neo-classical neoclassical_darkwave
6yidnXvq5fN4ULkgk8FOIU,7E3BRXV9ZbCt5lQTCXMTia,0DZZLQvXZzgurc5wWFgAst,0.541,0.0342,8.0,-35.25,0.0,0.0378,0.995,0.952,0.101,0.498,113.4,148433.0,3.0,40,8,12,bow_pop compositional_ambient icelandic_classical neo-classical neoclassical_darkwave
2xkgm3ZHezoiW9tGblP5gi,7E3BRXV9ZbCt5lQTCXMTia,1LvZUmULkYj2c3oxIZhbkX,0.223,0.0696,5.0,-23.77,1.0,0.0314,0.991,0.933,0.0671,0.0411,81.25,242400.0,4.0,40,8,12,bow_pop compositional_ambient icelandic_classical neo-classical neoclassical_darkwave
1CWCGglkuopcEsOaAXX8IN,7E3BRXV9ZbCt5lQTCXMTia,59XsnSTi3KDC8UtvOCMUSI,0.486,0.233,11.0,-25.77,1.0,0.0287,0.989,0.917,0.337,0.437,74.9,340751.0,4.0,40,9,12,bow_pop compositional_ambient icelandic_classical neo-classical neoclassical_darkwave
2vD20Aj8Ru9NAmJl1Ca2qS,7E3BRXV9ZbCt5lQTCXMTia,6JpQGIi2he6iskzR4aLwPG,0.429,0.00693,9.0,-31.05,1.0,0.0539,0.995,0.938,0.0711,0.431,97.06,125413.0,4.0,40,11,12,bow_pop compositional_ambient icelandic_classical neo-classical neoclassical_darkwave
6bcjo4kEC3bS46YbKjdywg,7E3BRXV9ZbCt5lQTCXMTia,1LvZUmULkYj2c3oxIZhbkX,0.262,0.0589,8.0,-16.56,1.0,0.0357,0.964,0.000934,0.105,0.0677,182.6,238707.0,3.0,40,9,12,bow_pop compositional_ambient icelandic_classical neo-classical neoclassical_darkwave
0YPagAr3GhXlRX06E4nUcw,7E3BRXV9ZbCt5lQTCXMTia,69Q8uDA8C7EdKUo5oveufQ,0.437,0.0463,0.0,-25.92,1.0,0.0369,0.988,0.917,0.0845,0.139,140.5,187848.0,4.0,40,9,12,bow_pop compositional_ambient icelandic_classical neo-classical neoclassical_darkwave
6Xajr512QEGAZ20bqAWkyT,7E3BRXV9ZbCt5lQTCXMTia,69Q8uDA8C7EdKUo5oveufQ,0.477,0.348,2.0,-14.586,1.0,0.0335,0.931,0.949,0.11,0.0867,117.94,208589.0,4.0,40,10,12,bow_pop compositional_ambient icelandic_classical neo-classical neoclassical_darkwave
1rpF77jsLBMG2QjCuhe0Sr,0fauHpmSHwodVYIjTqOGHz,4vtunVFmIlrxIrkOobdfDH,0.417,0.0287,7.0,-25.06,1.0,0.0714,0.994,0.889,0.079,0.285,143.2,264053.0,4.0,40,11,12,korean_instrumental neo-classical new_age_piano
5pW62tsMUPtw8k69ifpcjJ,2AcUPzkVWo81vumdzeLLRN,4emDc6rcjqJGqCj8NqEIzG,0.631,0.14,8.0,-16.38,1.0,0.0368,0.957,0.0106,0.109,0.1,140.0,254347.0,4.0,40,8,12,downtempo indie_soul indietronica shimmer_pop
4S2lJF9tqs5MRLtWzuPXx1,2i1CPudyCUjL50Wqjv8AMI,79a34uOB7jdMrSECClgqOv,0.444,0.0903,11.0,-19.28,0.0,0.0456,0.994,0.905,0.0856,0.0899,80.7,207680.0,4.0,40,9,9,british_jazz indie_jazz indie_soul uk_contemporary_jazz
3Bsyp79WSkfDruQBBo8FMO,6pSQcy8935ABNiK2qOpOlK,5xu1hee0bAPBpMmysKSmdc,0.553,0.11,11.0,-23.62,0.0,0.0307,0.966,0.931,0.0878,0.133,148.0,224736.0,4.0,40,8,9,compositional_ambient neo-classical
1n6ouOiQpRXaWVTeDOGxDW,54MsweggxTxlfYUbhZNIQ0,5KmLU0k60tDKnEhgRAqG2N,0.352,0.127,10.0,-26.31,0.0,0.0304,0.988,0.929,0.134,0.13,137.9,291000.0,4.0,40,10,9,compositional_ambient neo-classical
3yPd2RxNNcPwOV06zoexrv,21mKp7DqtSNHhCAU2ugvUw,0xVucRYJf5luWLekMGYh3i,0.403,0.636,9.0,-5.91,1.0,0.0449,0.395,0.604,0.439,0.0367,107.9,400130.0,4.0,40,10,13,chillwave edm ninja
1wb6pRSvhekFyXO5j3fXol,14YzutUdMwS9yTnI0IFBaD,27yZ8bTAOMlvnfU4vaIxvK,0.273,0.0338,1.0,-33.88,0.0,0.0343,0.984,0.878,0.105,0.134,147.6,227675.0,3.0,40,10,10,compositional_ambient neo-classical
4wCg95zm652wWBnryX9oS6,2SMBaAG61s9mtyJ0eeXSWx,79a34uOB7jdMrSECClgqOv,0.246,0.108,0.0,-18.19,0.0,0.0366,0.962,0.876,0.0782,0.0738,67.3,236999.0,4.0,40,9,9,compositional_ambient neo-classical
3uUUJo8kymUm0a9L7JSEDF,6ntwC60sylc4u0Npjoj6GM,5b7quz61hkXH51ocDuSeCp,0.658,0.591,5.0,-8.18,0.0,0.043,0.154,0.672,0.0585,0.215,105.94,238213.0,4.0,40,5,3,palestinian_alternative
1qrRl5pJWiL93EukHOMB0h,3fyyPt5BZ20BkmqVcQV6wS,09J4Y6mUcrEjkhzIAEwg1x,0.588,0.814,9.0,-5.953,0.0,0.0702,0.0398,0.0,0.0493,0.704,159.9,249750.0,4.0,40,4,7,jordanian_pop middle_east_hip_hop palestinian_hip_hop palestinian_pop
6unp5zGcRjIAyeNjiVMLHX,76G2QPGz4HBmhn0D3vr9UL,5ydSYLaBAPJIV2bn2HmkSs,0.494,0.553,11.0,-9.164,0.0,0.2,0.00601,0.0,0.0542,0.354,113.3,177388.0,5.0,40,7,8,palestinian_pop
3AQMp7f6Pgm3gHUGoTqDyL,0ezquZkJscWDhtBZwptcKT,6RMRNXNTg12KwIUIxFcYay,0.481,0.658,6.0,-6.754,0.0,0.03,0.0263,0.0282,0.132,0.513,162.0,228334.0,4.0,40,4,4,arab_alternative jordanian_pop
5FoOlTlC8pzAHV23s7gPqY,0ezquZkJscWDhtBZwptcKT,2gnn8Mwb6Njbh34OsqvoIh,0.407,0.766,4.0,-4.992,1.0,0.0365,0.0064,0.0525,0.115,0.269,140.0,336008.0,4.0,40,6,4,arab_alternative jordanian_pop
2rD1eIqfbnsCk9GJxiXQBK,0ezquZkJscWDhtBZwptcKT,6RMRNXNTg12KwIUIxFcYay,0.613,0.542,7.0,-6.29,0.0,0.025,0.132,0.0641,0.11,0.564,82.06,210778.0,4.0,40,5,4,arab_alternative jordanian_pop
6EGN0RcirTvE4HCrKNXGe0,2qi698G7BphxwdPUbQgZMU,5ntiX3s1kigHbz9WqQsxyN,0.526,0.499,10.0,-10.46,1.0,0.119,0.285,0.0,0.0872,0.71,170.1,268549.0,4.0,40,6,7,arab_alternative jordanian_pop
01g5Dl95lH5qQyjjXucOPf,2qi698G7BphxwdPUbQgZMU,0hLTpm3Xcac0uUsl1HfeQx,0.655,0.621,10.0,-7.363,0.0,0.0383,0.33,0.0,0.137,0.685,105.0,172317.0,4.0,40,3,7,arab_alternative jordanian_pop
19M24LvVumMVlcQIHusXyl,6dO0RkhFhjMwLtLQqNgL8r,41kBbSWRbStqfsrXeM5Cpo,0.701,0.655,9.0,-9.05,0.0,0.15,0.0872,0.0,0.181,0.805,147.0,181348.0,4.0,40,3,10,indonesian_viral_pop
6nIGMTqiL0cZYyNa8gzj0e,6dO0RkhFhjMwLtLQqNgL8r,1gZW7IiLxwvWx0VAR9HK3X,0.828,0.498,1.0,-10.38,0.0,0.0363,0.172,0.0,0.0727,0.439,95.0,209684.0,4.0,40,11,10,indonesian_viral_pop
6B1Fq1RpAW1dBTaCZ9WxQ2,2a1uAKszGY1wTHnbT0Y9Y8,3nm3ELWFVPTN7Iq6D7GWYj,0.687,0.688,0.0,-7.145,1.0,0.037,0.121,3.1e-06,0.0718,0.31,100.0,199200.0,4.0,40,3,3,unknown
2miXa7bxd39RSSn1VvPs7o,2a1uAKszGY1wTHnbT0Y9Y8,59al6unEUgOFKSknNugus9,0.857,0.502,5.0,-10.695,0.0,0.0356,0.11,0.0473,0.104,0.53,100.0,146400.0,4.0,40,4,3,unknown
2c2by2xH5vEW142S9zZD7G,0EQjOxeqpT2ebzA1NvT9Cu,5LC6AvKrSmynyr7o50k5OM,0.658,0.389,11.0,-8.734,0.0,0.0312,0.828,0.00104,0.0883,0.245,112.6,224000.0,4.0,40,3,3,arab_alternative jordanian_pop
4ktzD6OYjb2u2kqfecXK79,4yuZxu7joQOFtplpMAsxlf,3JNS9fh8RFw3N86GCCbZp6,0.692,0.496,10.0,-10.695,0.0,0.0683,0.153,0.334,0.42,0.488,89.94,199333.0,4.0,40,6,6,palestinian_alternative
5x7LMsSBWbQlLnmxF3U5PC,4yuZxu7joQOFtplpMAsxlf,2I2lamkjFbeLFLUEcH8SAc,0.73,0.487,11.0,-10.44,0.0,0.0571,0.054,0.00999,0.106,0.353,100.06,184800.0,4.0,40,9,6,palestinian_alternative
1DJ2pwtprG3edEU2pbVVDi,1IJJoAyxznu3orwXhlt3XO,74vATKQHUWKVc4T7uYLK3n,0.648,0.533,0.0,-8.336,0.0,0.0357,0.85,1.84e-05,0.152,0.737,148.0,211283.0,4.0,40,2,7,arab_pop jordanian_pop palestinian_pop
1hUZU0lCce1QzcaqWjwWiE,1IJJoAyxznu3orwXhlt3XO,1GOZ3S72ib2ZU1MjpeRy42,0.725,0.769,0.0,-5.46,1.0,0.0293,0.432,0.0,0.0545,0.749,98.0,189870.0,4.0,40,3,7,arab_pop jordanian_pop palestinian_pop
0y9njiG24r8Pc7iPNuY5zl,1IJJoAyxznu3orwXhlt3XO,7N0irhTBjGV5StiVTw8qTt,0.748,0.807,2.0,-4.43,0.0,0.0344,0.2,3.3e-06,0.0948,0.701,106.06,187747.0,4.0,40,5,7,arab_pop jordanian_pop palestinian_pop
4UcpiWGup7TKr1NkqaBrQ7,1IJJoAyxznu3orwXhlt3XO,77e5W1q40rJcSAJjt7GA1p,0.659,0.713,7.0,-6.82,1.0,0.0468,0.313,0.0,0.0991,0.849,179.9,175627.0,4.0,40,6,7,arab_pop jordanian_pop palestinian_pop
5aV0Vl1Fv9s9PmWklzzlvz,1IJJoAyxznu3orwXhlt3XO,0IiY9pwCRMsRdldrMpW03A,0.649,0.935,1.0,-4.766,0.0,0.0445,0.277,1.55e-06,0.0724,0.914,145.0,237453.0,4.0,40,4,7,arab_pop jordanian_pop palestinian_pop
54eiRWO1fHjuxWDptNftM8,1IJJoAyxznu3orwXhlt3XO,2mCEBE4YATciVhoaIWLc6Z,0.716,0.828,1.0,-5.453,0.0,0.0611,0.115,0.0,0.059,0.846,100.0,254395.0,4.0,40,2,7,arab_pop jordanian_pop palestinian_pop
1feYc8vSa3y6EodevhkzYB,7nQVHZnQGjMyc1HSOQW7GZ,4Aq2uHcgC4Sk13QlrzKicj,0.859,0.62,5.0,-5.06,0.0,0.0573,0.0924,0.0036,0.0908,0.628,100.0,145871.0,4.0,40,7,7,palestinian_alternative
33ZTgAaPHck9KIIOEnkSxC,1vKZWmYdp9BQAbtrX9ORuu,4J1k05sRPi0Qlez40Z8nXg,0.799,0.655,7.0,-4.816,1.0,0.102,0.122,0.0,0.106,0.555,100.0,189600.0,4.0,40,4,4,haryanvi_hip_hop jordanian_pop
4UiGACEtRM9N0PxuXzrVfQ,3faPN9ZqiY5AFpYAe8WqGE,3yqmmWNUtIMWBlFImfPhb0,0.739,0.549,3.0,-9.94,0.0,0.0499,0.487,4.5e-06,0.107,0.529,122.0,252295.0,4.0,40,4,4,arab_pop jordanian_pop
0MxeOx5YwpkXIlCmr6xOjP,0jIWKlfmD4Ew7HeVVrq03g,6fV0By80SOnUuqKt5wpk2A,0.736,0.597,8.0,-5.934,0.0,0.107,0.325,0.0,0.35,0.696,150.1,139289.0,4.0,40,8,9,palestinian_pop
62tYV2LYspoAS5vvZKB1EL,6gm05jmgIx3YvLtzl1GDas,3txVOVb4WHe4AzuvjMYrKn,0.522,0.613,9.0,-9.06,1.0,0.0979,0.722,6.14e-06,0.238,0.722,168.0,200000.0,4.0,40,2,1,reggae_maghreb
5LXmGPStiy83Tnsq96G9V6,0blZk3JXQG2roCiO6KCJWY,0y5vb7o8uCKsA858HIG2dM,0.54,0.504,1.0,-12.99,1.0,0.0424,0.727,0.000143,0.111,0.742,175.0,208560.0,4.0,40,2,5,jordanian_pop
4l7h95DV4TJimjWoZBRd9B,0blZk3JXQG2roCiO6KCJWY,3lMNn9CmmoS7oWUGUbgZ5Q,0.61,0.145,1.0,-15.02,0.0,0.0333,0.92,1.9e-06,0.114,0.184,102.4,244690.0,4.0,40,2,5,jordanian_pop
3zOixogOi4v75PI7bkws2O,7BhIlI9vRbaE1i1bYm81ZF,3pnLlR5wQ08LWbyb93clqe,0.652,0.658,9.0,-6.68,0.0,0.108,0.258,0.0,0.125,0.534,172.0,220905.0,4.0,40,3,1,jordanian_pop
3XknoC28vtiUyutxsG9ul6,409IHz2Yvi1kdUmrjein3m,3KVMPfIaR2QTJIguyhdnxh,0.697,0.881,6.0,-6.71,1.0,0.0366,0.108,0.00186,0.116,0.731,112.0,178913.0,4.0,40,5,2,palestinian_pop
2qSOhlYYwnlmTh5MNlxv6T,1LTJFwU5wuzqgYWzvkqBix,3jm2Mw7iAV31QfoRverhwL,0.489,0.342,1.0,-15.56,0.0,0.0306,0.202,4.37e-05,0.0757,0.22,82.1,222439.0,4.0,40,4,7,arab_electronic middle_east_hip_hop
7lx7KcCLJtHTCFglYQC12y,1LTJFwU5wuzqgYWzvkqBix,6W7b9RFrdBE29953myz6b7,0.376,0.398,11.0,-13.266,0.0,0.0403,0.579,5.12e-05,0.0847,0.25,138.9,167500.0,4.0,40,2,7,arab_electronic middle_east_hip_hop
7ys7eUYsciH8LefcobJ4hQ,7ekEnaplxNFP0jh9hiyeM8,2PbNvLR2MHgirCervbyo8n,0.864,0.734,1.0,-5.35,0.0,0.107,0.472,0.000305,0.0867,0.527,90.0,260597.0,4.0,40,2,3,middle_east_hip_hop palestinian_hip_hop
0KmiXlCv8005j9o340PW4e,5nxFmhSekt9Acn4tWZxGge,6fxuBrz4h4iOuW5hVoiJmc,0.593,0.871,0.0,-7.7,0.0,0.309,0.134,5.06e-05,0.271,0.728,176.0,275017.0,4.0,40,3,5,arab_alternative jordanian_pop middle_east_hip_hop palestinian_hip_hop palestinian_pop
0NWhRdPRI06ABKoOeRSgrb,5m8fc8h0xd4QfpJzcPI9NK,1h6ZfXJnDh0Vvlrv7mj7yh,0.479,0.837,4.0,-8.52,0.0,0.228,0.0861,8e-06,0.095,0.369,112.1,187643.0,5.0,40,2,5,arab_pop jordanian_pop
6gaEXyjkXtIfFcmNZSPQhL,704S90MD8gMqUNd9LsXvd1,2UYF5glGACebnFJcxzMHEO,0.756,0.657,8.0,-8.766,0.0,0.0386,0.16,0.000583,0.122,0.0859,107.94,248889.0,4.0,40,3,5,arabic_hip_hop jordanian_pop middle_east_hip_hop palestinian_hip_hop
3eFh5hiL65ylUoGAAI3Rl1,5VZr6vX1UPRRf9tneUEi2B,5UtCKCQtEMEgenYWqYmxIB,0.728,0.551,4.0,-9.984,0.0,0.0373,0.537,0.0,0.0818,0.451,97.94,211071.0,4.0,40,11,10,middle_east_hip_hop
65rWsK4Js9lGAhOQTpPTxM,0KgK0OMTh21OHyab9UDg3r,5nBnqvnnQnAsCNxX8q1Xw1,0.51,0.37,7.0,-12.96,1.0,0.138,0.801,1.07e-05,0.0929,0.452,95.06,174316.0,4.0,40,3,5,toronto_rap
5dueytCp1DWHJizVwQ34va,3zbimX3Z591csbDHH2Iuxc,0FIEcX7gSEX1h8PqsQbWhu,0.527,0.547,9.0,-7.05,0.0,0.0735,0.587,0.0,0.125,0.46,156.1,298823.0,4.0,40,3,5,arab_pop jordanian_pop
3xGfWGr12b6j86gUmhwesD,4juIELxFGt6YwXdpzGB69c,4zaWHh2zDRzOvC5ZhqOiDq,0.649,0.707,8.0,-5.934,1.0,0.0457,0.0248,0.00104,0.104,0.741,135.5,204533.0,4.0,40,6,3,indie_pop_rap
7uvT6cxtmmpLYED0uOaypM,4Svx0xgoS8UA2ldqxmxG4L,4KVKvjqBmoPlYMUsiW7O8v,0.681,0.793,11.0,-6.707,1.0,0.0751,0.0796,3.68e-05,0.456,0.485,99.06,166765.0,4.0,40,2,0,jordanian_pop
4c1JwtH7HEfIqlf0keNFGR,0x8vbV32RlTpfxsERAwena,30qPLsJugZwQXGH7iHdvkY,0.641,0.616,8.0,-9.59,1.0,0.0247,0.244,0.00353,0.131,0.496,105.0,248000.0,4.0,40,5,5,arab_alternative jordanian_pop
03OGe1S2a7i35BmuKbWaHk,4F84IBURUo98rz4r61KF70,2ntSwmOLAM0fMML87wtLKq,0.746,0.465,4.0,-7.586,0.0,0.0833,0.00637,0.511,0.237,0.29,123.9,232627.0,4.0,40,5,14,alternative_rock blues_rock detroit_rock garage_rock modern_blues_rock modern_rock permanent_wave punk_blues rock
0PdM2a6oIjqepoEfcJo0RO,6H1RjVyNruCmrBEWRbD0VZ,31oeDyCOLhgeZyktfxo0pE,0.267,0.953,1.0,-4.9,0.0,0.096,0.00211,0.0,0.283,0.568,85.0,267307.0,4.0,39,14,13,album_rock hard_rock nwobhm rock
0WoFs3EdGOx58yX5BtXvOa,1zxDewzd2j1ZdSBGaYcr0y,0EriQlp6zHpb1ThLZcandW,0.578,0.654,1.0,-12.42,0.0,0.0562,0.121,3.64e-06,0.0673,0.621,129.5,216467.0,4.0,39,15,13,album_rock power_pop
3GBApU0NuzH4hKZq4NOSdA,536BYVgOnRky0xjsPT96zl,0wNjC8d3ve2L2yaomEWUsa,0.563,0.739,6.0,-4.24,0.0,0.0416,0.00073,1.45e-05,0.0822,0.775,139.0,191707.0,4.0,40,14,13,indie_rock indietronica irish_rock modern_alternative_rock modern_rock northern_irish_indie
4BggEwLhGfrbrl7JBhC8EC,4iSKnRZAxkmqNok6tv10Se,0hdOk76DmEMYI6QV92mIin,0.736,0.811,9.0,-4.17,0.0,0.081,0.00132,0.000142,0.107,0.609,103.5,216733.0,4.0,39,14,11,alternative_metal funk_metal nu_metal post-grunge rap_rock
549Go7a66CX6k523uK9kUv,0cc6vw3VN8YlIcvr1v7tBL,2KT9tWALjIRjnaGYDYPg3k,0.599,0.931,7.0,-4.652,1.0,0.0735,0.0302,6.69e-05,0.392,0.536,140.1,270427.0,4.0,39,15,14,album_rock alternative_metal glam_metal hard_rock metal rock sleaze_rock
4JfuiOWlWCkjP6OKurHjSn,7Ey4PD4MYsKc5I2dolUwbH,6As5aOEQjfxLIChIB3fQRD,0.653,0.73,5.0,-10.61,1.0,0.0429,0.0115,1.02e-05,0.0776,0.894,108.7,220311.0,4.0,39,15,15,album_rock classic_rock hard_rock rock
